{
  "beta": 0.8,
  "gamma": 1.8,
  "footprint": {
    "z_eff": 1.7031198740005495,
    "A0_med": 0.0012800844143477212,
    "A0_lo": 0.0011317092299061354,
    "A0_hi": 0.0014242860162838424,
    "r0_Mpc_med": 25.86211874883805,
    "r0_Mpc_lo": 24.15126008723865,
    "r0_Mpc_hi": 27.44219711730968,
    "b_med": 6.598004918330712,
    "b_lo": 6.203842434009364,
    "b_hi": 6.959722685120335,
    "logMh_med": 14.338081186598401,
    "logMh_lo": 14.315932461415413,
    "logMh_hi": 14.357173322239227
  },
  "detected": {
    "z_eff": 2.24000000476837,
    "A0_med": 0.00014059456357481495,
    "r0_Mpc_med": 10.416102308367497,
    "b_med": 3.462923045745982,
    "logMh_med": 13.985211602167015,
    "note": "N=16 \u2014 highly uncertain, treat as upper limit only"
  }
}